https://www.instagram.com/zara, fashion
https://www.instagram.com/hm, fashion
https://www.instagram.com/cropp_clothing, fashion
https://www.instagram.com/bershka, fashion
https://www.instagram.com/pullandbear, fashion
https://www.instagram.com/gant, fashion
https://www.instagram.com/guess, fashion
https://www.instagram.com/newyorkeronline, fashion
https://www.instagram.com/nike, fashion
https://www.instagram.com/adidas, fashion
https://www.instagram.com/tomtailor_official, fashion
https://www.instagram.com/samsung, electronics
https://www.instagram.com/boschglobal, electronics
https://www.instagram.com/lg_global, electronics
https://www.instagram.com/beko, electronics
https://www.instagram.com/whirlpoolusa, electronics
https://www.instagram.com/sephora, beauty
https://www.instagram.com/maccosmetics, beauty
https://www.instagram.com/lorealparis, beauty
https://www.instagram.com/douglas_cosmetics, beauty
https://www.instagram.com/theofficialpandora, jewelry
https://www.instagram.com/teilor_finejewellery, jewelry
https://www.instagram.com/thefinejewellerycompany, jewelry
https://www.instagram.com/mejuri, jewelry